Moana;91
Althea;109
Wanda;93
May;116
Carter;45
Russell;30
Margaret;40
May;110
Skyler;73
Rooney;111
Odysseus;71
Howard;56
Lucas;112
Adrienne;83
Robert;9
Demetria;87
Bo;84
Jena;104
Geraldine;11
Tucker;44
Vaughan;10
Dora;89
Iliana;95
Chava;80
Candace;27
Wynne;25
Timothy;54
Hector;16
Sacha;113
Leandra;48
Angelica;55
Morgan;38
Ifeoma;117
Teegan;96
Adrian;1
Trevor;35
Barrett;8
Stephanie;41
Elaine;8
Roary;5
Maisie;90
Wing;52
Erica;58
Katell;25
Bree;83
Yoshi;11
Candice;39
Jason;77
Angela;15
Regina;13
Kelsie;91
Berk;109
Guinevere;4
Stacy;30
Quynn;58
Wayne;50
Flavia;12
Maile;41
Phelan;64
Isaiah;87
Aubrey;15
Noah;43
Zeph;68
Axel;20
Demetria;30
Petra;6
Serina;54
Virginia;8
Ronan;99
Yuli;52
Jamal;64
Dale;85
Jason;50
Marah;115
Gannon;73
Maile;71
Ivan;86
Chava;91
Kennan;71
Hyacinth;61
Zachery;108
Buckminster;21
Igor;43
Heidi;119
Miranda;70
Kiara;52
Abra;25
Keane;35
Audrey;10
Kendall;109
Avye;58
Chase;103
Damian;97
Candace;88
Shellie;35
Rafael;26
Carter;70
Brooke;75
Hoyt;64
Ray;11
Amal;21
Evan;1
Anastasia;103
Justine;32
Chase;113
Quamar;5
Kirk;42
Stewart;97
Jerome;28
Deanna;8
Dolan;1
Lacota;105
Chadwick;65
Orson;106
Kylie;86
Malachi;77
Branden;80
Ferris;110
Savannah;12
Amal;6
Debra;37
Kiona;43
Reuben;68
Leah;83
Avram;57
Riley;80
Evelyn;40
Ignatius;64
Dorothy;109
Otto;76
Portia;103
Troy;88
Miranda;11
Amal;47
Chandler;9
Bree;83
Hope;30
Demetria;58
Shannon;31
Fredericka;40
Ciaran;119
Aristotle;44
Dorian;2
Olga;27
Christian;59
Avram;33
Blaze;104
Mercedes;79
Nicole;28
Micah;26
Moses;86
Lisandra;44
Zenia;26
Roanna;99
Karly;73
Hedwig;98
Uriel;44
Blossom;93
Hannah;40
Debra;41
Quinlan;100
Jocelyn;111
Katelyn;82
Cora;114
Channing;31
Brandon;109
Abbot;68
Lyle;109
Gay;24
Signe;23
Kamal;16
Brianna;4
Ruth;63
India;57
Yvette;29
Vielka;115
Quinn;76
Geoffrey;19
Pandora;40
Thor;95
Cherokee;78
Lee;95
Garrison;23
Mikayla;73
Illana;119
Garth;94
Hunter;38
Gil;46
Emma;52
Buffy;0
Griffin;50
Dara;57
Steven;41
Xenos;64
Genevieve;59
Len;103
Chantale;79
Scarlet;101
Barrett;85
Hu;112
Calista;72
Ora;114
Kamal;48
Rose;104
Ryan;87
Joel;27
Ignatius;92
Diana;112
Linda;53
Uriah;28
Jayme;71
Destiny;41
Ezekiel;66
Bradley;117
Yoshi;15
Brandon;38
Regina;39
Ciara;75
Bradley;66
Emi;110
Dane;99
Ebony;15
Yoshio;57
Azalia;24
Maxwell;42
Beck;24
Austin;106
Rhea;33
Haley;75
Iliana;8
Zeph;111
Reece;74
Charles;83
Finn;84
Harrison;9
Owen;35
Blaze;117
Jade;8
Portia;66
Raya;13
Giacomo;113
Charlotte;115
Claudia;6
Oleg;24
Rachel;29
Boris;19
Jelani;27
Sawyer;77
Christopher;4
Iliana;34
Winifred;86
Christian;89
Ethan;69
Aristotle;39
Zachary;72
Herman;104
Odysseus;115
Sonia;73
April;93
Luke;33
Megan;59
Jonas;39
Elliott;104
Jolene;10
Amal;0
Jerry;112
August;1
Rebekah;83
Alfonso;66
Mariam;107
Byron;62
Acton;31
Fulton;4
Amena;53
Hashim;10
Fleur;62
Amal;114
Debra;3
Signe;101
Scott;47
Kermit;1
Iona;85
Wynne;25
Herman;100
Flavia;80
Vanna;105
Kimberley;26
Yoshio;25
Philip;44
Cameron;102
Burton;34
Holmes;12
Matthew;86
Rogan;1
Janna;98
Illana;117
Gabriel;54
Christian;3
Daphne;108
Amal;5
Yoshio;100
Merritt;55
Quyn;90
Jane;49
Hayley;105
Clinton;54
Shad;89
Mason;54
Casey;97
Reese;18
Charde;6
Kasper;60
Channing;74
Melvin;56
Clayton;65
Upton;17
Orla;33
Nyssa;33
Preston;52
Sylvester;30
Kirby;73
Carson;66
Jermaine;1
Garrison;112
Justin;65
Barbara;11
Rylee;36
Yasir;58
Abigail;13
Vanna;63
Kai;53
Jescie;18
Daniel;64
Carla;51
Bertha;57
Bruno;50
Casey;6
Fritz;84
Rylee;120
Fatima;30
Kaitlin;8
Gloria;54
Carissa;51
Lev;48
Ramona;5
Bernard;89
Katelyn;69
Walter;89
Jacqueline;106
Jameson;71
Malachi;97
Ann;2
Ali;35
Flavia;72
Rogan;91
Paula;113
Piper;18
Sydnee;83
Christian;74
Russell;85
Magee;9
Noel;39
Mollie;30
Ira;4
Ashely;55
Kaye;19
Macy;110
Kalia;20
Quemby;62
Aristotle;15
Maggie;99
Kane;108
Amy;4
Alyssa;49
Denise;12
Kellie;38
Preston;68
Sandra;63
Kasimir;51
Xavier;46
Amos;64
Ashton;1
Mollie;113
Neville;2
Zeus;40
Malachi;9
Fitzgerald;110
Cole;56
Adria;34
Hope;99
Reuben;39
Armand;14
Aubrey;49
Scarlet;11
Harlan;89
Maile;57
Jerome;51
Tanisha;112
Xavier;50
Lyle;3
Gil;65
Velma;14
Troy;6
Sasha;67
Eden;63
Bell;62
William;101
Logan;24
Leroy;76
Fletcher;116
Briar;1
Aretha;106
Shaine;8
Wyoming;6
Ebony;72
Suki;117
Ila;40
Cruz;8
Yetta;72
Roanna;80
Oscar;80
Alvin;120
Yardley;3
Hilda;23
Sigourney;55
Adele;89
Perry;105
Judith;87
Gavin;78
Emma;49
Honorato;41
Mannix;0
Cullen;46
Aubrey;28
Tanisha;16
Charles;79
Jerome;27
Heather;81
Deirdre;46
Steel;54
Remedios;44
Yvonne;74
Steel;68
Ignatius;111
Bethany;71
Brady;61
Steven;14
Jescie;58
Tanya;119
Sydnee;12
Giacomo;36
Lewis;96
Yeo;104
Merrill;67
Hayfa;89
Ezekiel;29
Xavier;112
Azalia;45
Austin;85
Anika;68
Zephr;68
Karleigh;120
Giacomo;17
Lucy;42
Chelsea;46
Ursula;15
Charlotte;69
Leigh;96
Carlos;99
Jason;28
Ruby;88
Burke;38
Chaney;30
Upton;66
Jennifer;99
Iola;84
Keaton;107
Kiayada;101
Chester;100
Keiko;91
Ralph;34
Wilma;63
Chester;99
Travis;76
Zephr;52
Bert;95
Tara;101
Justin;53
Peter;62
Damon;74
Helen;41
Merrill;18
Uta;32
Judah;81
Lillith;21
Hiram;28
Hiroko;65
Yeo;65
August;48
Jael;46
Giacomo;0
Gavin;105
Chloe;12
Ebony;92
Logan;98
Octavius;39
Kane;42
Aline;3
Britanney;40
Xantha;27
Samuel;36
Kibo;46
Alfonso;68
Noelani;78
Naomi;69
Demetria;96
Dai;78
Cailin;54
Arden;59
Hollee;82
Malcolm;66
Armand;38
Karyn;28
Noelle;55
Sigourney;48
Axel;69
Chastity;85
Ina;86
Keefe;55
Michelle;60
Leonard;60
Adria;104
Ebony;63
Candace;75
Beverly;45
Marah;32
Erasmus;33
Sierra;78
Octavius;81
Wynne;26
Rebecca;1
Henry;101
Ocean;114
Cassandra;0
Sydnee;80
Rae;109
Harrison;83
Alfonso;112
Melanie;6
Melyssa;92
Solomon;0
Harper;68
Kennan;84
Hadassah;90
Nyssa;41
Sade;50
Quinn;33
Wesley;82
Ingrid;73
Raymond;7
Jane;85
Linda;97
Glenna;45
Owen;37
Ingrid;65
Bertha;17
Madeline;24
Knox;102
Yvonne;58
Sydney;74
Callum;0
Faith;41
Yardley;84
Heather;75
Yardley;84
Suki;28
Cheyenne;72
Arden;110
Leroy;82
Tasha;44
Lana;65
Pascale;104
Cade;94
Idona;70
Mufutau;87
Jamalia;69
Dahlia;22
Ciaran;91
Daphne;107
Oliver;119
Harlan;108
Abraham;56
Leslie;38
Charissa;26
Kevyn;115
Graham;79
Quynn;92
Aileen;2
Kamal;98
Jocelyn;58
