Agretha;79
Vick;79
Timmi;95
Davida;93
Abey;5
Jaquelin;32
Bernadene;91
Karen;21
Sammy;80
Alena;41
Ina;42
Bastien;25
Rhea;30
Aylmer;10
Kaitlin;65
Beth;74
Milo;42
Dacie;60
Bonita;74
Jessika;64
Carmen;36
Carena;18
Sunny;96
Marcelle;56
Claudie;4
Emmott;36
Ginnie;58
Larry;51
Rudolph;72
Cart;25
Shani;78
My;79
Enid;32
Patrizio;3
Evangelin;12
Justinian;56
Ardella;75
Dougie;23
Karissa;32
Portia;0
Kendricks;3
Peggie;12
Antoine;2
Hildegaard;80
Kerry;34
Howard;51
Sam;56
Callean;53
Fania;75
Gerik;75
Tina;39
Karel;2
Fairleigh;54
Giusto;21
Joseito;7
Goldina;8
Adam;3
Arthur;94
Dinah;48
Essy;79
Janella;47
Lenee;81
Bartel;89
Adena;51
Binni;9
Natalina;9
Doug;63
Hallsy;90
Orbadiah;70
Quinn;18
Hortensia;91
Marjorie;37
Doti;16
Vikky;51
Briggs;95
Emlen;44
Corrianne;50
Elvyn;50
Hamlen;59
Sean;71
Aindrea;53
Raeann;46
Cyb;4
Alysa;29
Ezra;74
Guillermo;93
Addy;3
Borden;31
Desiri;81
Julius;45
Winni;1
Zachariah;4
Skippie;80
Rabbi;36
Zebedee;34
Horatia;85
Louisa;19
Codi;46
Cyril;31
Siegfried;48
Fairfax;79
Jock;85
Uri;10
Elvin;37
Brody;54
Wilma;75
Aloysius;63
Euphemia;84
Gery;9
Jada;12
Romeo;88
Cari;39
Janaya;100
Lotti;50
Merrie;70
Mabel;51
Dorian;53
Laurette;64
Christian;23
Garnette;21
Mariellen;30
Briggs;32
Sheela;87
Lona;80
Katti;49
Michail;93
Kirsti;35
Nicolai;24
Carlyn;26
Ursa;95
Zea;55
Ned;69
Carlynne;84
Diann;85
Sheffy;33
Melinda;42
Araldo;56
Gleda;21
Tristan;74
Donni;88
Heall;19
Gabbey;76
Lorilyn;41
Selena;67
Even;49
Mitzi;0
Abby;97
Geoff;72
Carny;90
Marrilee;32
Gunner;57
Torrance;44
Rahal;34
Aili;92
Giff;33
Esdras;54
Merlina;56
Florida;0
Billye;36
Siobhan;87
Jacqueline;61
Gabriela;82
Caralie;21
Jard;51
Dunn;57
Evvy;12
Randie;87
Irv;67
Rhona;7
Florella;18
Jo-anne;12
Ansley;19
Giffard;96
Kendre;18
Peadar;4
Royall;82
Nikolos;25
Barbey;3
Christopher;17
Erinna;67
Darbee;24
Lurline;53
Robinett;4
Sheri;37
Roselia;63
Lacey;62
Carolin;6
Marrissa;36
Kippy;29
Shirline;30
Abby;54
Chiquita;24
Gustie;21
Karlotte;73
Florry;49
Durant;78
Fayth;56
Sheffield;78
Vassili;31
Bail;93
Myron;86
Rochella;53
Zsazsa;32
Hester;41
Dasha;56
Cully;26
Alonzo;35
Kippy;29
Erroll;7
Shaughn;48
Ernesto;20
Reg;53
Sileas;29
Ddene;15
Dael;18
Tedie;27
Bryon;84
Blythe;22
Cleopatra;48
Alva;30
Clotilda;16
Nickie;69
Matthiew;68
Kelsy;90
Natty;45
Damien;65
Florella;13
Tomasina;48
Bellanca;55
Ertha;57
Elysee;56
Vaclav;16
Alphonse;45
Costanza;44
Frans;79
Caryl;63
Penelopa;11
Betteann;100
Shelli;51
Othilie;28
Erhart;33
Katleen;83
Hermann;39
Gerda;51
Alissa;62
Zelma;88
Agace;62
Gherardo;83
Anne;67
Jake;66
Delores;80
Kettie;64
Ingamar;1
Jeddy;100
Edna;84
Andrea;75
Lory;12
Alden;59
Barris;77
Barron;92
Tiphani;10
Gayla;45
Audi;66
Don;27
See;87
Kenyon;79
Edie;85
Roseline;93
Rosco;52
Anne-corinne;44
Patrica;5
Sammy;95
Britt;34
Chelsie;0
Rowland;54
Irwin;43
Des;69
Dell;27
Jessi;89
Wyatan;76
Vincent;25
Dallas;69
Reider;48
Caspar;96
Dallas;81
Mort;39
Cobb;39
Jordon;69
Valli;77
Berton;62
Lyndsey;37
Nicolais;15
Sigismundo;74
Astra;36
Brittaney;61
Silvan;15
Weber;71
Cheri;92
Hanan;62
Stevana;33
Giffy;28
Berkeley;54
Willow;64
Prissie;45
Shaun;74
Carmine;96
Sile;6
Gregg;49
Willi;56
Allin;70
Crawford;28
Cynthea;56
Nelie;1
Katerina;85
Torr;57
Dominique;91
Westleigh;48
Edvard;75
Garnet;0
Francoise;8
Gates;78
Sheffield;47
Rayshell;25
King;49
Nealon;10
Doy;13
Amabel;55
Aldus;57
Marji;99
Sloan;28
Maggi;33
Kimball;35
Arlen;56
Nancey;66
Damian;90
Dorita;37
Maryanna;49
Georgy;74
Matelda;40
Rozelle;30
Wendell;48
Ramon;59
Edith;100
Winni;22
Howie;26
Johanna;61
Sherye;19
Hyacinthe;81
Isaak;74
Jo ann;31
Lenee;5
Yalonda;47
Logan;21
Brittne;19
Roi;40
Hernando;100
Katheryn;52
Nate;33
Ambur;42
Angel;49
Gwennie;69
Fancie;14
Lynnell;50
Wit;63
Ellene;96
Marcia;85
Gabi;77
Cletis;4
Skyler;96
Shellie;55
Rudy;55
Henrieta;2
Lucho;44
Gerhardine;33
Bobina;10
Guendolen;82
Frannie;57
Britney;81
Kerry;70
Meryl;27
Hayden;41
Ofelia;0
Asa;12
Bevan;62
Donna;3
Boonie;41
Noah;84
Tiffany;74
Turner;43
Sonny;86
Fanny;34
Benedikt;40
Mathian;94
Charline;18
Heda;35
Tonye;43
Yolanda;90
Florance;30
Alyosha;74
Patty;42
Philomena;73
Devonne;54
Town;49
Carley;75
Elisha;18
William;96
Stanislaus;1
Alma;77
Woodrow;83
Isak;19
Benoit;4
Ed;92
Editha;7
Lucy;75
Shandy;80
Shantee;4
Alvira;53
Cullie;30
Elwood;93
Elysia;45
Dorris;51
Melli;89
Tomi;50
Etheline;77
Nils;54
Shaughn;53
Bendix;38
Marshall;43
Orv;64
Phyllys;94
Lenna;41
Ansley;33
Bidget;19
Husein;17
Hamid;92
Sella;95
Irwin;94
Ahmad;37
Benoit;51
Teirtza;78
Desmond;69
Cornela;48
Carey;84
Jehanna;16
Wallie;41
Araldo;94
Kareem;21
Birk;69
Reine;96
Ram;93
Rena;36
Renee;65
Thebault;24
Dukie;8
Laird;41
Cobb;63
Mano;82
Darrel;100
Meggy;63
Cinderella;66
Mordy;68
Haley;63
Aurie;99
Ingeberg;64
Cybil;68
Urban;47
Mathe;59
Ardis;18
Laurie;39
Jemimah;5
Cosmo;92
Mayne;56
Alley;28
Chalmers;61
Dorette;97
Nadya;11
Orlan;92
Ericha;13
Thorn;76
Karrah;24
Efrem;70
Keefer;65
Cassandry;82
Donall;35
Cherianne;23
Sula;20
Tammie;26
Nico;24
Trenna;33
Virgie;99
Anett;78
Bill;48
Faina;17
Minerva;0
Milena;77
Carmencita;63
Isador;26
Etan;60
Mead;27
Shirleen;77
Jackquelin;18
Angeline;42
Farlee;64
Sybille;71
Towney;18
Shari;64
Carr;65
Quintilla;27
Rheba;31
Elvira;63
Nobie;0
Karin;98
Nigel;18
Seward;15
Carline;95
Florencia;81
Langsdon;37
Morty;80
Drew;70
Rustie;48
Nicoline;44
Catarina;27
Emelia;85
Roseanne;33
Tiena;13
Amy;82
Esta;39
Gale;12
Cherilynn;41
Kimbra;15
Eben;7
Esdras;58
Madlin;24
Cordey;41
Ferdinanda;72
Theresa;2
Sidonia;62
Shelby;40
Killie;61
Ula;56
Cassandre;40
Brade;9
Jaquenetta;36
Carlie;61
Starla;34
Viviene;44
Courtnay;44
Lisetta;96
Teirtza;3
Caye;79
Olympe;45
Lydia;41
Michaelina;63
Rayner;14
Timmi;70
Trix;28
Hanna;76
Frans;40
Pearce;26
Nolly;66
Jennee;77
Merridie;50
Oby;1
Bary;16
Forrest;67
Staford;88
Sharyl;14
Hulda;49
Carmel;97
Alastair;90
Gustavo;66
Valentine;48
Tore;62
Denise;34
Jessie;15
Britt;16
Kerianne;66
Parnell;45
Jefferey;17
Orelia;93
Alwin;81
Benita;34
Valery;50
Martelle;13
Artemus;25
Marci;73
Winslow;96
Cesare;33
Duff;99
Orton;66
Nona;26
Weston;43
Myles;60
Quillan;30
Pascal;48
Lara;27
Betteanne;18
Arielle;48
Lorinda;94
Skippie;73
Zola;68
Neal;74
Sandro;8
Fiorenze;48
Arron;89
Gabe;23
Fawnia;17
Kacey;90
Nickie;99
Sergeant;18
Thelma;21
Leontine;9
Dev;3
Devondra;73
Brockie;4
Harwell;1
Ray;60
Esra;100
Clint;1
Hewie;64
Othilie;69
Dianne;75
Adler;71
Felicdad;77
Leone;39
Riki;41
Dasya;84
Ingmar;93
Enoch;57
Tawnya;42
Claiborn;82
Ethelyn;43
Neddy;17
Raquela;36
Caroljean;82
Jeniffer;86
Hildy;69
Esmeralda;63
Renie;92
Yoshi;97
Renate;91
Garvin;65
Thain;41
Bill;72
Cecil;90
Leslie;84
Regen;32
George;84
Abdel;39
Rickey;58
Ethelda;98
Kristoforo;41
Bryana;53
Monah;63
Bell;2
Mariska;6
Frants;62
Alfy;94
Koral;75
Ulla;45
Lacey;81
Chane;56
Emery;74
Ignacius;57
Kriste;72
Rianon;15
Carmella;47
Bili;7
Curtis;16
Marie-ann;30
Thibaut;35
Baxter;72
Samara;98
Siward;41
Charlot;40
Karisa;22
Sibeal;62
Carey;25
Falkner;55
Bernardine;86
Maribelle;46
Sid;68
Silvio;57
Martina;43
Anselma;87
Heriberto;100
Gretal;24
Shaun;17
Morgan;73
Jana;16
Broderick;67
Mathilde;78
Kinny;80
Kennith;67
Claire;34
Effie;2
Pall;68
Darn;56
Farra;37
Ancell;61
Cornelius;39
Elinor;29
Gregor;71
Amanda;62
Averell;13
Burg;98
Faun;36
Adda;84
Sibyl;69
Marnie;74
Joey;31
Ivan;6
Linn;31
Lawrence;6
Maurizio;47
Terrell;87
Georgie;9
Armando;51
Callida;85
Monroe;100
Darby;89
Doyle;38
Hanson;58
Rubi;2
Salaidh;30
Zuzana;39
Ari;9
Rana;32
Carmine;66
Esma;57
Britta;2
Giffy;50
Jodie;16
Dannel;88
Joye;21
Neville;5
Kai;37
Nicolea;13
Lief;31
Urbanus;40
Fiona;43
Maribelle;20
Pietro;21
Ginni;44
Kelcy;20
Yolanda;17
Seumas;1
Rhoda;70
Arnuad;16
Gordy;50
Devonna;34
Chandra;91
Hyacinthia;22
Luelle;44
Joly;33
Marietta;94
Egor;9
Marlow;51
Burnard;55
Matteo;55
Zaria;25
Tyne;36
Agnola;76
Pearla;90
Twyla;41
Kissiah;16
Lenee;9
Paige;79
Sigvard;51
Donn;34
Granville;76
Lacee;67
Hunter;67
Verina;43
Pedro;74
Marcos;14
Roselia;93
Maryanna;96
Philippe;65
Barbee;80
Stacy;51
Herschel;41
Maureene;91
Milissent;86
Abigail;49
Ripley;60
Benny;39
Harbert;20
Graham;40
Joan;62
Early;59
Griswold;56
Zarah;100
Frederich;34
Danila;7
Woodman;73
Pail;63
Terrie;17
Ellwood;8
Astrix;24
Kienan;16
Lacy;24
Geralda;29
Kermit;44
Priscilla;71
Stern;73
Arvy;100
Carlo;81
Michaelina;6
Gaylord;37
Abran;52
Darcie;0
Emmott;70
Louisa;21
Teressa;99
Ebony;20
Mahmoud;38
Netta;80
Dorian;65
Alleyn;76
Buckie;59
Meggi;9
Bevon;11
Vyky;43
Sayers;28
Dominica;71
Adriana;86
Anabel;43
Court;72
Mady;86
Ric;73
Bastian;50
Dugald;58
Gilles;100
Belvia;57
Nelson;57
Carrol;57
Darcie;56
Tanhya;9
Allie;48
Andreas;64
Hillyer;96
Ynez;47
Greg;68
Opal;12
Leonanie;56
Emmy;94
Jerome;87
Marieann;5
Mikel;37
Trev;58
Shane;16
Reidar;21
Tiphanie;20
Arleyne;60
Doretta;78
Korey;56
Florence;1
Angy;82
Zena;32
Christina;25
Beryl;54
Maddy;61
Filbert;32
Aubrey;30
Rocky;88
Allan;27
Ronnie;67
Kelsey;75
Halie;35
Rudyard;35
Cora;10
Lucius;6
Hersch;64
Dania;7
Kip;77
Sophey;88
Munmro;8
Wesley;25
Amity;83
Aron;98
Sharla;77
Ilise;24
Cele;20
Rik;36
Barri;3
Rosella;49
Mina;67
Gerrard;94
Ian;8
Cammy;81
Linell;89
Adrianna;0
Tracey;91
Ario;76
Barbara;5
Gwenny;97
Rebecca;35
Jodee;36
Roman;88
Jayme;24
Dedie;92
Holden;62
Marillin;13
Kippar;10
Amerigo;8
Tanitansy;52
Georgia;90
Radcliffe;4
Steffane;58
Tait;84
Heather;64
Enrica;57
Row;71
Niel;76
Zollie;21
Purcell;42
Noelle;97
Morissa;68
Gustie;2
Johnnie;80
Olivia;95
Myrlene;59
Chelsea;89
Meggi;99
Luce;26
Kaela;49
Paule;47
Barron;50
Pierrette;19
Thea;30
Geralda;33
Athene;61
Hunter;41
Papagena;8
Loise;76
Marcela;29
Calhoun;33
Tildy;22
Duff;47
Bartel;79
Magdaia;5
Merrilee;26
Jana;56
Danna;99
Putnem;55
Leroy;22
Cathrine;35
Dick;60
Gilligan;87
Stephine;64
Robbie;71
Hillery;20
Bo;14
Bernadine;36
Far;86
Monro;98
Athene;80
Evonne;9
Elana;91
Gilbertine;67
Christy;80
Dur;26
Herc;49
Thomasina;69
Dorris;81
Bernard;74
Zorine;42
Becka;85
Carney;68
Esmeralda;93
Rad;76
Klarrisa;38
Cecily;90
Breena;23
Iris;68
Rora;70
Hershel;22
Theodoric;27
Yolanda;31
Jamey;49
Claribel;24
Keenan;26
Jonah;89
Leoline;10
Vanni;51
Flint;26
Artus;33
Guy;6
Eleonore;93
Oren;83
Adena;93
Jocelyn;66
Cece;92
Rodger;71
Anatole;34
Leicester;2
Barney;52
Magdalen;13
Leone;33
Margot;5
Wini;74
Cathyleen;55
Keven;28
Idaline;25
Frankie;7
Karna;6
Brody;54
Nertie;46
Isabeau;14
Aurlie;89
Derron;82
Druci;41
Alfonse;29
Horten;55
Von;65
Patsy;89
Bastien;99
Berta;64
Ardine;15
Madel;11
Basilius;76
Alexandro;87
Wallache;19
Saxon;86
Carmelle;49
Ruthann;20
Weidar;54
Anallise;43
Georas;17
Alf;50
Dolores;10
Redd;53
Lura;8
Fidelia;61
Prince;73
Leodora;27
Tova;74
Clo;53
Vlad;64
Cyrus;100
Gertrudis;96
Zarah;55
Mace;1
Trevar;8
Elvis;20
Brennan;18
Emmit;14
Nonie;37
Tanner;15
Mohandis;48
Michele;35
Sheelah;58
Sonia;65
Lilith;20
Pennie;3
Chrystel;46
Jamie;80
Katlin;4
Orv;34
Codi;23
Lenee;70
Amandie;2
Darren;73
Ugo;9
Helenka;9
Adrienne;69
Bale;42
Rick;73
Stirling;94
Zedekiah;71
Leah;44
Lemmy;1
Bronny;36
Cart;32
Genny;79
Gilligan;21
Abraham;58
Walther;22
Imelda;98
Linc;19
Somerset;56
Norina;21
Shell;61
Nanete;9
Merridie;59
Iorgo;68
Vittoria;31
Miguel;3
Ernestus;78
Miquela;23
Rosina;22
Millicent;68
Curran;36
Yanaton;35
Nickolai;36
Chariot;10
Eustace;15
Dilan;68
Jacky;42
Hugibert;69
Ivett;8
Josephine;35
Reinaldo;14
Etan;72
Ches;6
Byrle;19
Jackelyn;76
Ophelie;22
Helen;96
Klara;88
Eziechiele;24
Sayres;66
Christy;23
Auguste;75
Corrine;3
Torey;92
Della;33
Marietta;23
Inez;18
Lombard;65
Janos;82
Roley;38
Vanessa;68
Julio;54
Rivalee;91
Robina;39
Filbert;1
Debor;52
Roby;50
Stanly;8
Kennett;70
Nolie;50
Walton;14
Rudd;70
Aridatha;67
Catrina;2
Norma;49
Luce;48
Ettore;67
Lorrin;47
Curr;87
Rae;36
Kathy;42
Aland;91
Hamish;20
Allison;91
Sasha;77
Marcellina;2
Georg;98
Aylmar;92
Raynard;12
Chelsae;6
Ursula;13
Sisile;37
Boony;17
Faye;78
Harmonia;1
Townsend;2
Brett;22
Mac;33
Lalo;93
Anissa;39
Wash;44
Lianna;26
Bobbe;96
Henderson;42
Berti;54
Lisa;40
Filmore;83
Cordey;91
Claudia;57
Arv;16
Marybeth;20
Joeann;0
Fiann;29
Casar;95
Suzanne;2
Raychel;83
Dagmar;98
Benny;5
Cash;91
Bethany;58
Pattie;41
Christan;16
Sarena;16
Kesley;99
Hedvig;78
Maible;10
Emlen;31
Viviana;40
Stephannie;30
Albie;71
Pattie;11
Hillel;22
Jackqueline;25
Maggie;60
Jenn;85
Peyton;2
Vivi;58
Nanni;96
Allistir;48
Sandy;25
Cole;37
Rodolfo;22
Dennie;28
Edward;62
Bambi;51
Lavinia;1
Blithe;19
Devy;94
Zaria;5
Kirk;91
Janifer;79
Brigitta;82
Tildie;78
Stephen;0
Casar;51
Boony;59
Ninon;46
Constantina;13
Shellie;32
Raina;63
Karlens;52
Aland;28
Ly;100
Valenka;51
Rae;61
Mead;57
Smitty;22
Trula;60
Vincents;46
Delora;94
Burch;23
Arleta;42
Orelie;67
Rhodie;33
Basile;34
Robbie;98
Brunhilda;77
Damaris;39
Shelly;11
Phyllis;59
Blondell;51
Adelheid;70
Jeanette;67
Sydel;83
Giff;17
Kimberlee;33
Mackenzie;36
Salem;62
Bo;37
Isis;55
Marilin;10
Elyssa;19
Josey;38
Annabel;19
Hailey;92
Gill;89
Coletta;71
Mahmud;53
Odelinda;82
Woodrow;40
Jefferey;45
Ludwig;37
Dinnie;53
Teena;69
Veronike;43
Cordelia;81
Doretta;8
Aveline;99
Dominique;68
Lynnelle;11
Benedetta;98
Shelby;85
Elyssa;42
Melvin;43
Blondie;3
Amabelle;46
Kaycee;3
Mariam;22
Loree;37
Stephie;99
Jemmie;88
Fey;70
Amelita;69
Amelia;6
Sayer;62
Augusto;10
Joell;85
Freida;49
Paxton;55
Fernando;40
Mandel;49
Odetta;24
Kurtis;53
Parnell;86
Manny;58
Jaymee;10
Vern;13
Carroll;10
Pincus;59
Eugene;26
Ted;40
Griffin;65
Jorrie;32
Lucais;62
Marcos;97
Anastasia;11
Mel;13
Orrin;35
Greta;7
Lucienne;36
Cecilla;37
Muhammad;43
Elita;60
Lorelei;47
Robby;7
Guenevere;98
Manon;44
Sheila-kathryn;86
Dasi;25
Leonardo;67
Clementia;41
Felipe;27
Cathrin;69
Gary;71
Tait;81
Agustin;77
Far;88
Ottilie;12
Johannes;16
Brody;90
Krisha;31
Tobiah;58
Yardley;80
Bathsheba;79
Hanan;100
Horatia;31
Em;83
Emlyn;96
Retha;58
Pet;42
Savina;12
Adler;84
Griffin;20
Tani;91
Corny;11
Adora;21
Jean;68
Madelyn;17
Ardath;87
Shaine;68
Virginia;42
Lanie;89
Hanson;75
Mavra;27
Bendick;72
Gannie;14
Alwin;44
Daffi;39
Jacintha;91
Suellen;10
Melony;9
Jorey;74
Perrine;79
Merola;90
Aeriel;55
Alf;43
Guglielma;84
Nicolas;94
Skylar;32
Lanny;29
Mariana;25
Loise;53
Prentiss;88
Cammy;36
Eduardo;77
Erie;17
Kirby;26
Merle;48
Tadd;34
Augustina;36
Rene;5
Fabien;95
Daune;18
Diann;95
Annis;20
Ruperta;28
Nadeen;29
Clementius;12
Emelina;84
Chad;85
Millisent;56
Merridie;89
Mariana;6
Colly;31
Rowe;13
Quinta;29
Lorri;43
Alfie;58
Devlen;85
Yevette;100
Stevy;21
Garnet;29
Marie-ann;9
Helaina;23
Dorris;41
Tansy;63
Agnes;29
Ethelyn;12
Nye;41
Jehanna;87
Alleen;34
Carine;1
Cathi;47
Christoffer;3
Ephrem;66
Hyacinth;6
Sheridan;69
Dieter;24
Raphael;86
Lock;41
Kerr;37
Saloma;79
Kirbee;48
Rosalinda;66
Cheri;54
Julie;26
Lyndsie;25
Mick;63
Artair;42
Dorise;1
Roderigo;58
Cathi;50
Tabbie;12
Herc;28
Rebecca;66
Arthur;71
Mitzi;38
Bradford;74
Lexy;83
Bab;20
Cleve;92
Virgie;44
Jared;71
Levy;80
Garnet;35
Robinson;33
Alfonso;80
Ax;34
Abigail;40
Kasper;55
Kikelia;92
Anna-maria;89
Domini;23
Aharon;59
Yule;32
Dorette;20
Lark;44
Carleton;43
Byron;37
Fifi;47
Lorine;28
Shae;18
Christa;87
Bernard;38
Skipton;51
Jacenta;20
Elsie;8
Lorrie;70
Zeb;26
Erina;59
Cordie;50
Giralda;45
Rock;41
Wittie;47
Barn;18
Leandra;35
Shaine;70
Darrelle;80
Sherri;43
Brooks;47
Adelaida;82
Tiffi;78
Alaster;35
Minetta;81
Fields;69
Mariann;86
My;9
Salomo;70
Dav;3
Tine;3
Shirlee;42
Pierrette;41
Melissa;8
Franciska;9
Merle;26
Edie;19
La verne;58
Ramon;20
Janith;30
Guenna;89
Andros;45
Evangelia;0
Crawford;94
Ilene;54
Hymie;32
Saundra;74
Teresa;50
Katuscha;37
Tyrus;11
Sharleen;84
Marwin;81
Christian;8
Bourke;71
Errick;59
Fawnia;46
Jewell;49
Alexandr;86
Jyoti;39
Keslie;100
Woodie;11
Dix;48
Selle;0
Howey;74
Corny;74
Aristotle;98
Giordano;16
Nessa;65
Neel;31
Odetta;60
Janel;9
Thomasa;37
Faunie;42
Phil;44
Kerry;12
Tildi;47
Madlen;15
Giuseppe;50
Jarret;30
Alexa;16
Lilias;84
Carmelita;94
Josiah;1
Gill;43
Joelie;62
Hadlee;8
Kayne;30
Joyann;12
Bidget;88
Garey;29
Arnold;70
Iver;99
Ebenezer;67
Koressa;98
Chic;91
Nollie;82
Eilis;52
Deane;24
Vickie;36
Tuck;68
Prudi;81
Jerri;91
Agosto;49
Ahmed;5
Sheff;23
Colan;56
Darcee;92
Nikolaos;60
Derron;25
Shaun;49
Gearard;24
Chryste;6
Jesse;31
Nari;29
Hestia;39
Maynord;68
Augusto;85
John;74
Jose;52
Alexina;17
Izzy;45
Guillemette;67
Rubina;29
Joyous;38
Vin;37
Robbyn;87
Susi;62
My;29
Tarrance;78
Kerwin;60
Arley;44
Dyanna;83
Jaime;79
Clarissa;67
Perren;95
Loretta;24
Charmaine;7
Brandon;9
Nerta;87
Rosene;75
Jethro;16
Jorey;20
Lou;27
Giffy;62
Jenine;46
Bradford;81
Lamond;0
Vanni;49
Kinnie;88
Dalia;40
Thibaut;64
George;74
Thia;50
Katti;87
Esdras;67
Tansy;8
Dorotea;79
Basilio;49
Obadias;65
Olly;38
Car;24
Eva;96
Meryl;37
Ivar;95
Cookie;57
Huberto;22
Elmer;10
Jonah;65
Lynda;44
Agnella;94
Kailey;13
Domingo;79
Ronalda;7
Addia;100
Baldwin;9
Win;50
Joanne;34
Faythe;77
Claribel;85
Thorn;47
Zuzana;0
Yelena;69
Ralf;61
Eugen;27
Bria;9
Zebulon;6
Crawford;17
Francesco;33
Ervin;22
Isabel;72
Leigh;42
Trip;67
Rafe;14
Orrin;36
Bethina;36
Gwyn;88
Mahala;66
Purcell;13
Dodi;19
Rici;93
Edmund;18
Brigitta;51
Marcela;21
Peri;74
Donia;29
Griz;34
Lucie;32
Cele;17
Freemon;52
Romona;20
Lezley;26
Joni;45
Bob;85
Franky;60
Frannie;100
Newton;80
Jacinthe;61
Haleigh;67
Bond;12
Ali;49
Sibel;28
Sidnee;2
Ned;68
Eugenius;72
Chastity;70
Domeniga;4
Harvey;87
Kanya;37
Constantine;7
Viviyan;5
Geoff;0
Kirsteni;5
Lark;56
Kale;79
Janos;22
Merna;51
Adela;88
Lissa;28
Marlon;79
Arlen;43
La verne;40
Meagan;2
Blondy;91
Benny;40
Even;2
Ginny;15
Wallie;63
Tris;54
Germayne;30
Keefe;12
Barnebas;34
Galven;91
Carrie;74
Dasie;56
Donica;63
Laurena;85
Almeria;17
Phil;93
Van;31
Allison;67
Jeni;4
Carmelia;85
Anette;64
Danni;8
Mirilla;54
Beatrisa;45
Meredith;30
Avrom;60
Glenna;94
Mirna;14
Kirby;8
Tamarra;27
Pennie;85
Mable;13
Donavon;71
Dulciana;42
Tally;80
Terri;14
Ailina;66
Jami;0
Luciana;57
Anissa;76
Danny;3
Farrell;99
Kiley;24
Tonia;3
Roze;61
Helaine;27
Hilda;57
Benjamen;41
Meghan;78
Ellwood;1
Borg;26
Gwen;100
Padget;55
Nevsa;79
Phip;72
Gretel;26
Ava;44
Annelise;2
Basilius;77
Zebulon;49
Ricki;39
Franz;49
Noell;99
Shawn;38
Harry;56
Annabel;21
Candi;27
Jasun;61
Xavier;65
Vally;0
Darbee;70
Shurwood;11
Rufus;38
Cooper;71
Elnar;14
Bridget;10
Joye;60
Kit;56
Urbanus;51
Amata;4
Hugues;6
Fabio;28
Abrahan;6
Vernice;64
Nataline;98
Yetta;77
Warren;41
Marie;19
Charla;19
Lizabeth;2
Dickie;74
Estell;2
Olia;84
Felizio;82
Kienan;8
Tadeo;68
Bryana;3
Candace;67
Eve;25
Kesley;55
Dorena;42
Creigh;12
Jae;88
Aline;32
Elyssa;64
Ola;30
Heddi;85
Delila;12
Rouvin;61
Karleen;24
Krishnah;53
Lorelei;14
Drucill;49
Thomasina;30
Naomi;24
Denys;78
Gabbi;54
Pet;98
Avril;99
Jackie;59
Khalil;62
Ingar;9
Tremain;71
Carina;90
Luise;32
Ardra;45
Garrik;85
Rafaelia;43
Valle;17
Heloise;41
Leora;45
Myrtie;42
Demetris;51
Lucho;98
Shawn;3
Geoffrey;96
Beale;8
Hilly;31
Winona;51
Birk;4
Peirce;72
Mireielle;28
Kathy;12
Lorene;76
Coop;74
Felicdad;87
Rhys;54
Flemming;31
Elga;64
Clemmie;29
Elvera;99
Marisa;62
Jolee;26
Viviene;15
Aurelia;86
Austina;40
Richardo;30
Alford;10
Roarke;10
Mikey;52
Granger;26
Sula;16
Granger;73
Orelia;13
Aubert;95
Melloney;43
Corrine;49
Rosella;78
Emelyne;81
Damien;67
Moishe;29
Leo;65
Kelly;18
Juana;59
Christiana;70
Maressa;61
Niki;56
Lorelle;44
Dirk;65
Lezlie;31
Tammie;22
Jared;86
Starla;67
Devondra;56
Brier;47
Dennie;8
Stacie;100
Benita;9
Regan;72
Briney;20
Margette;67
Thaddus;62
Erek;25
Mattias;70
Dorisa;94
Gilberta;72
Marysa;11
Gerrard;33
Edik;26
Gayleen;73
Winthrop;54
Robinet;26
Drucy;96
Lara;66
Iormina;2
Baird;52
Cyndia;14
Janith;34
Ethelin;65
Kayley;5
Mart;89
Dreddy;26
Trever;60
Sander;51
Ransell;40
Gillie;95
Curtice;16
Glenn;6
Sterling;32
Otis;4
Vivyanne;33
Umberto;98
Lian;7
Kent;6
Cleavland;60
Luce;63
Alika;35
Rosamond;44
Jacky;85
Willa;7
Nanine;67
Anneliese;14
Lilly;51
Hailee;43
Alistair;9
Xaviera;89
Joye;45
Jemima;3
Stephine;94
Zorina;37
Sybyl;68
Laurena;95
Lusa;59
Charmion;13
Lizzie;39
Rourke;14
Marve;15
Dale;49
Hadrian;72
Almira;17
Elicia;20
Della;98
Sasha;59
Brook;6
Janella;99
Florence;72
Minnnie;82
Marcelle;0
Percival;99
Alvis;23
Dana;99
Valida;40
Viva;58
Halley;92
Daphene;24
Jdavie;95
Gizela;38
Julianna;45
Elvira;23
Janis;13
Thalia;13
Goldy;66
Hesther;86
Goldia;56
Yance;62
Joana;63
Ebonee;80
Brandais;73
Boone;90
Judy;21
Carlyn;78
Cristobal;60
Ferdinanda;26
Barbabas;61
Wilhelmine;73
Keir;84
Stephi;52
Terrijo;72
Lenee;33
Bartram;70
Jeddy;11
Leisha;44
Raynor;35
Marney;38
Tabatha;75
Sheffie;51
Arlee;88
Phaedra;10
Bee;22
Duffie;30
Garfield;39
Harrietta;96
Cheryl;61
Jordon;87
Chrotoem;46
Shepard;43
Harriett;22
Richardo;94
Immanuel;99
Regan;84
Gilbertine;45
Lenora;83
Abramo;59
Rudd;4
Adelbert;21
Melitta;18
Gay;34
Waiter;43
Loutitia;49
Aloisia;69
Sal;93
Gratia;93
Anatollo;5
Cleopatra;63
Ginni;77
Keefer;67
Fernando;79
Valli;37
Vance;46
Alvy;41
Cinnamon;16
Rahel;99
Sharity;74
Chip;99
Raul;84
Nesta;75
Barnaby;48
Allene;41
Lexine;78
Rivalee;26
Lorinda;22
Gifford;61
Catlin;62
Golda;77
Lewes;33
Reena;20
Celestine;62
Jane;83
Cal;54
Birdie;57
Zilvia;80
Jilly;34
Melisent;91
Giffard;12
Lana;76
Brnaby;14
Brady;32
Garreth;63
Ulrika;71
Marjorie;59
Stace;6
Matthaeus;31
Archer;85
Marchall;37
Freida;87
Floris;77
Les;60
Dominick;93
Felipa;33
Cordy;99
Lyndsay;36
Addison;26
Jamal;43
Hershel;76
Matthus;99
Matthaeus;28
Myrah;39
Sheffy;98
Isabel;15
Penny;60
Seward;58
Margy;52
Sean;16
Nick;65
Gilligan;31
Tammy;39
Emmy;39
Kally;68
Hartley;20
Prentice;93
Clarissa;24
Hans;99
Ilsa;11
Dirk;8
Georgeanne;78
Robina;88
Vale;7
Sibilla;64
Filia;52
Malina;45
Adamo;87
Rosalind;34
Shep;58
Jillayne;70
Charissa;63
Blondelle;15
Corny;74
Bernadina;22
Jarad;81
Pauly;83
Jolyn;1
Humbert;74
Loella;74
Ondrea;28
Levin;59
Buck;58
Henrietta;6
Fransisco;43
Simmonds;7
Malissia;60
Constantine;70
Breena;39
Staford;76
Smitty;97
Freda;7
Chelsae;69
Tierney;63
Maria;41
Jordana;10
Jessi;54
Brion;93
Xena;58
Salaidh;73
Dona;64
Rudolph;28
Olympie;99
Silvanus;66
Vilma;36
Elvin;3
Geraldine;52
Laurence;34
Phelia;79
Dalila;18
Min;33
Sylvester;31
Gian;49
Woodie;65
Bernhard;58
Amalle;37
Eduardo;86
Harp;67
Berton;81
Siouxie;98
York;94
Lyndell;71
Ealasaid;35
Skippy;40
Griffin;70
Barb;98
Elfrieda;44
Zora;82
Ailyn;67
Jayne;14
Noella;68
Webster;14
Marney;57
Leigh;50
Jefferson;35
Ambrosio;25
Kendal;14
Dion;89
Bear;62
Gustavus;97
Daron;58
Brandy;18
Quintana;48
Sonnie;42
Kessia;96
Paula;91
Annice;88
Myrilla;11
Aylmar;26
Luis;15
Devina;81
Nissa;10
Cyrill;4
Amata;70
Gorden;47
Cordelia;44
Nalani;79
Adelaide;46
Charil;3
Brandice;85
Sloane;76
Niccolo;40
York;79
Courtenay;76
Othilie;61
Sybille;84
Ric;79
Jemimah;46
Holden;96
Ginnifer;92
Stephen;61
Belle;96
Peder;46
Ninnette;6
Chiquia;99
Jarid;18
Doralynne;61
Devin;21
Kamillah;40
Farleigh;65
Junina;54
Derrik;85
Vasily;37
Korie;81
Florida;55
Gail;46
Winston;84
Eli;81
Elsbeth;48
Yetty;78
Guthry;77
Kin;43
Kitty;37
Wilburt;4
Engracia;36
Ethan;50
Danette;30
Celestyna;47
Alejandra;6
Alina;76
Pierce;73
Mellicent;54
Audrie;25
Theressa;67
Madelaine;79
Kassandra;78
Ivan;96
Viv;58
Norry;50
Rab;92
Diane;19
Meaghan;14
Brenna;24
Brittney;21
Ricki;67
Gillie;11
Chic;73
Valenka;71
Rickey;14
Zora;9
Felita;57
Loralyn;82
Audie;45
Fiorenze;71
Zach;69
Rowney;89
Darleen;52
Mame;58
Lulita;77
Belva;6
Harald;99
Myer;92
Bryan;90
Chico;47
Melosa;40
Adora;58
Shay;44
Josefa;6
Marrilee;45
Scot;11
Lowrance;27
Kath;86
Marrissa;68
Thorpe;95
Gibb;28
Nadiya;81
Gayelord;61
Jonah;53
Monika;35
Alyda;47
Baldwin;36
Marven;67
Haley;88
Lonnie;58
Gabe;78
Thedric;39
Berton;76
Dorelia;2
Brittani;58
Tonie;36
Oby;44
Britni;63
Logan;71
Sebastien;28
Courtney;91
Dene;44
Geoffry;72
Lauren;50
Kessia;49
Billy;55
Elvyn;37
Remus;81
Moria;86
Libbi;29
Ronna;36
Brooke;54
Vi;58
Angelico;59
Roderick;97
Corrie;18
Eunice;37
Saundra;12
Roch;46
Gypsy;75
Jan;3
Isidora;95
Devi;4
Paulo;78
Marina;22
Romain;2
Darcee;75
Hersch;72
Karoly;95
Duncan;92
Teirtza;1
Leeland;67
Bartholemy;75
Jaquelyn;74
Cherey;62
Sheryl;4
Jacintha;53
Sherill;48
Andrei;45
Berget;90
Brigid;9
Glen;13
Dexter;32
Nickie;44
Terrell;2
Dorri;51
Johnna;90
Patrice;48
Lucilia;49
Cacilie;90
Morten;81
Dion;6
Harald;56
Rocky;21
Ezekiel;90
Sibeal;99
Robinet;74
Rollin;96
Dolf;66
Gretna;25
Aldo;77
Kyle;52
Mortie;69
Jere;59
Meaghan;54
Lauree;79
Jeremie;99
Morissa;55
Granthem;30
Tabby;74
Mill;89
Nara;75
Roselia;13
Erek;30
Trev;16
Anatol;7
Tedi;89
Garner;75
Carina;63
Bailie;71
Kynthia;33
Farr;79
Robbyn;8
Devlin;51
Brion;1
Tracie;19
Emalia;99
Derick;30
Raff;84
Orel;43
Jenine;57
Mendel;11
Karlotta;9
Margeaux;3
Darryl;10
Merill;69
Tildi;28
Ibrahim;70
Vin;55
Silvana;15
Larry;53
Berny;4
Selig;28
Brock;78
Rubetta;38
Maitilde;27
Marty;6
Judah;14
Jeniece;11
Kipper;67
Russ;61
Meryl;58
Bambi;41
Darsie;8
Dennison;76
Timmy;78
Wheeler;29
Cindra;34
Vikky;88
Gustav;85
Leland;76
Darb;20
Beret;69
Romain;76
Betta;21
Clerc;4
Rolland;83
Britt;54
Van;30
Jules;19
Shandie;92
Markos;36
Glynda;51
Kerstin;63
Berte;5
Ruperto;13
De;82
Aldus;59
Sandro;98
Debbie;46
Melli;21
Elysia;5
Cammy;14
Llywellyn;31
Catriona;60
Martyn;84
Willdon;41
Irv;23
Lennie;91
Clark;28
Alexa;59
Whitney;6
Barbi;97
Clemens;27
Margaux;71
Dara;41
Millicent;96
Raimondo;11
Pier;52
Verena;56
Leeland;36
Evania;17
Candy;39
Timmie;64
Nelli;12
Hulda;63
Jacinda;92
Salomon;68
Jeromy;93
Bogart;19
Emma;60
Carce;24
Malynda;70
Tatum;80
Dylan;84
Osborn;74
Becky;28
Odessa;33
Smith;75
Esra;1
Odelle;44
Collette;42
Holly-anne;41
Debor;18
Ulrich;79
Lelia;18
Berta;11
Roosevelt;98
Chip;63
Lelia;45
Vitia;33
Elroy;72
Glori;52
Tally;58
Lloyd;87
Stanislas;61
Nikolas;83
Tammie;2
Tanney;57
Thaddeus;39
Billye;38
Connie;82
Olenka;34
Kathryne;19
Travers;31
Abigael;95
Deborah;81
Kameko;17
Beverie;17
Maryanne;6
Anjela;91
Fionnula;29
Terrell;93
Carlen;74
Malachi;94
Bartholomeus;55
Imogen;4
Matias;88
Theodosia;65
Natalee;89
Nicko;23
Tanitansy;73
Wally;18
Ramsay;78
Page;21
Blithe;15
Alexandr;25
Verna;94
Matilde;27
Gloriana;93
Dav;53
Victoir;57
Nonah;90
Kaila;90
Arline;11
Cleo;66
Casi;62
Ninetta;94
Conrado;75
Thorndike;72
Roxane;76
Gwenore;30
Hilary;86
Rubin;73
Hobie;2
Jaimie;7
Alonzo;22
Timmi;73
Luisa;15
Madonna;90
Calhoun;27
Aleece;28
Ailene;60
Taddeusz;88
Bonita;55
Adelaide;32
Katusha;16
Thadeus;13
Aymer;13
Katherine;8
Gibby;80
Bartie;31
Danette;71
Anatol;25
Josie;4
Whitaker;9
Zara;6
Shaine;96
Brok;8
Annmarie;76
Lianna;82
Paton;32
Shea;91
Morganica;48
Brander;25
Joelie;43
Stevie;92
Corbett;74
Carmita;22
Moses;73
Ania;29
Winfield;50
Jeremy;14
Adiana;31
Minda;22
Margi;58
Roxana;8
Juliane;11
Felice;27
Berty;4
Becka;24
Vania;77
Rivi;81
Carley;94
Culley;58
Raimund;62
Antons;49
Kassandra;75
Tonia;46
Imelda;64
Austin;93
Jarad;80
Issie;92
Baily;85
Iver;78
Marc;76
Dedie;61
Torry;96
Lorene;79
Caddric;95
Sanders;66
Colver;25
Dillie;73
Murdoch;16
Gertrudis;63
Riordan;4
Deeanne;40
Brigg;65
Torie;27
Emiline;99
Merl;85
Aubree;46
Onida;54
Hanni;39
Olva;94
Shanta;3
Nikki;50
Benedikt;40
Major;92
Sutherland;52
Levin;83
Arly;95
Jourdan;27
Olvan;12
Dannie;57
Nealson;40
Merilyn;73
Randene;80
Kariotta;94
Cleopatra;74
Layney;6
Winny;9
Hale;40
Verile;14
Daryl;5
Clio;29
Cory;29
Quincy;45
Ody;100
Freida;72
Merrili;53
Dacey;96
Ardenia;43
Cort;25
Ford;31
Winston;23
Danny;52
Farlee;22
Gail;40
Tymon;67
Sheba;9
Dona;3
Terri;72
Lurline;17
Katherina;57
Damien;19
Wynn;5
Emera;52
Faunie;39
Eva;34
Rosemarie;61
Dix;2
Denver;23
Elianore;12
Sibella;30
Kirsteni;92
Grace;20
Olivero;47
Liana;68
Mamie;57
Cassondra;24
Randall;22
Row;77
Kali;53
Benny;55
Albina;4
Beverie;76
Melisande;42
Terrill;88
Barthel;33
Franchot;42
Shelbi;0
Danny;52
Shayne;53
Violante;50
Oralie;49
Alvinia;52
Loydie;90
Jolyn;92
Karina;8
Stepha;59
Kellie;58
Missie;35
Elsbeth;1
Dorena;19
Iain;71
Nydia;25
Analiese;73
Bronnie;44
Mason;43
Cad;71
Nev;58
Arin;73
Adolph;3
Kirsti;27
Lanny;28
Goddard;67
Cate;64
Kathye;97
Josselyn;53
Wendell;5
Julietta;9
Morgen;14
Valerye;33
Constantia;95
Ben;74
Cathi;29
Marlie;63
Robin;41
Orran;87
Bernette;7
Scarlet;91
Glynda;26
Leroi;74
Jennette;23
Caldwell;88
Redd;17
Bradan;84
Margaret;25
Elbertine;97
Byron;47
Marilyn;11
Verena;48
Koenraad;5
Linnet;70
Willard;34
Court;85
Kalil;54
Irvin;62
Jeramey;24
Roz;78
Timotheus;44
Waverley;15
Artair;30
Sheffy;89
Valry;27
Alejandra;51
Phedra;3
Kele;54
Guillemette;95
Grannie;48
Emily;7
Moira;72
Fifine;2
Trixy;0
Walden;2
Engelbert;84
Mufi;93
Allsun;99
Chiquia;23
Wallis;94
Orion;49
Caz;77
Bettye;76
Clarance;27
Idaline;12
Hastings;41
Horace;10
Duncan;87
Dolores;53
Delphinia;75
Ilaire;22
Ettie;19
Alfredo;19
Worth;16
Sydney;58
Abraham;23
Wye;50
Stephine;23
Haven;6
Gwynne;27
Chadwick;59
Cindi;62
Buckie;80
Rochell;97
Kelvin;45
Lorry;22
Max;20
Martino;3
Papageno;92
Franciska;91
Marsha;31
Napoleon;79
Elnar;50
Odessa;22
Gillan;13
Ebonee;13
Nance;74
Leanora;5
Tamra;23
Demetris;83
Elke;49
Tierney;74
Glenine;16
Olag;30
Antoinette;88
Dorine;10
Neron;44
Rosa;18
Trenna;10
Margarette;45
Victor;99
Kariotta;25
Taber;76
Vale;41
Merwyn;66
Mitch;15
Albert;65
Bay;41
Ram;13
Elnora;85
Cherilyn;12
Creight;16
Hasheem;29
Jacquetta;88
Deloris;71
Elora;47
Crysta;67
Arin;55
Berke;80
Ferris;7
Russ;94
Hussein;62
Calvin;38
Graeme;6
Rosy;31
Corina;61
Karolina;9
Tildie;90
Gilberta;49
Sadella;75
Roselin;36
Sheeree;99
Tova;25
Friederike;20
Laraine;83
Norrie;54
Becki;48
Mina;9
Layney;89
Kordula;25
Boniface;36
Hildagarde;19
Albertine;4
Darby;54
Hal;39
Virgilio;53
Hunter;64
Mirabella;37
Spencer;25
Fulton;37
Carter;67
Kylen;31
Klement;4
Chadd;35
Eryn;44
Stafani;66
Moira;25
Masha;22
Lennie;75
Selia;97
Merl;78
Ellene;18
Roxi;74
Nana;73
Milly;24
Karlen;47
Sandye;42
Ebba;17
Flossy;49
Syd;79
Tawnya;12
Merrielle;77
Gerri;53
Clea;6
Wallas;1
Ignatius;87
Enriqueta;49
Christy;51
Pate;29
Perry;86
Mariam;21
Cristin;8
Theo;71
Denys;53
Lola;32
Frederigo;11
Charlene;4
Minny;19
Johann;45
Davidson;80
Guglielmo;55
Colline;87
Kelby;97
Dania;9
Hilliary;79
Yvette;35
Cordey;42
Billie;68
Dacia;24
Cyb;16
Constancia;13
Diana;58
Melody;42
Kiele;82
Ozzy;6
Belia;51
Madelle;59
Howard;91
Birdie;98
Fania;56
Crosby;49
Zarah;72
Karon;40
Howie;90
Estevan;27
Lani;49
Lynna;27
Marthena;98
Glenda;73
Karina;33
Kris;57
Fidelia;70
Edna;8
Darda;44
Shanon;39
Pepita;54
Ileana;49
Bertram;4
Chaddy;72
Creighton;8
Claire;95
Barton;42
Imelda;77
Filip;67
Olympia;20
Drucill;81
Joey;28
Leone;72
Liva;50
Cinnamon;24
Stinky;30
Florenza;89
Hall;68
Adams;84
Tamma;25
Gothart;91
Lila;1
Clerissa;30
Neda;37
Rosanne;2
Hephzibah;45
Ansell;32
Sarina;49
Shoshanna;28
Forester;32
Jeana;1
Evie;24
Livy;62
Wash;3
Jakob;55
Simmonds;21
Gayle;82
Scarface;11
Angelo;49
Julian;1
Jesse;70
Olvan;10
Gabrielle;29
Kellby;81
Violet;70
Maribelle;54
Edith;96
Korella;84
Jude;76
Gerri;30
Nicko;81
Josefa;30
Leroi;12
Diahann;46
Kiley;89
Shelly;65
Coleen;33
Fredi;76
Roley;87
Jamima;64
Bryna;11
Vere;84
Jaclyn;33
Rebekkah;8
Austina;91
Wendell;13
Gayel;70
Ham;17
Steffie;71
Sydney;84
Estell;18
Frants;68
Ive;75
Rollins;56
Kori;19
Wyn;50
Rozele;63
Olenolin;79
Cameron;15
Stuart;16
Oswald;36
Luelle;68
Hanson;89
Ennis;71
Normie;99
Wilhelmine;55
Deonne;61
Willetta;49
Archambault;60
Helen;64
Rebeca;68
Torin;19
Lance;68
Ilysa;11
Meriel;66
Dallas;36
Appolonia;31
Itch;52
Filmer;64
Jake;76
Antonie;5
Danny;35
Minni;31
Briny;85
Melitta;89
Barrett;7
Norry;98
Mario;39
Travers;88
Melisa;30
Grantham;67
Godfree;77
Gerladina;54
Tess;59
Vivi;71
Elwyn;79
Ward;24
Herby;1
Mateo;6
Goraud;27
Margarethe;73
Kamilah;24
Dannie;84
Lexi;65
Kaine;97
Prentiss;3
Felix;74
Kynthia;61
Ddene;2
Virge;30
Devy;75
Phil;95
Marylynne;53
Edmund;19
Margarita;75
Normand;52
Wanids;3
Gus;7
Ambrosio;35
Codie;62
Stacee;41
Britt;84
Huntley;12
Flss;27
Clayborne;91
Babette;6
Rip;12
Annamaria;47
Tulley;98
Dorelle;37
Max;10
Frederique;11
Danyelle;61
Ashlan;80
Nomi;65
Micah;35
Camala;75
Everett;36
Vinson;45
Richart;77
Dur;19
Chilton;3
Rufus;18
Winnie;44
Nancy;41
Rosa;25
Augustina;0
Shaylynn;32
Mikael;77
Margo;49
Ollie;90
Darcy;87
Luca;79
Sandro;6
Bernice;56
Nancee;76
Jessalyn;2
Bil;31
Edd;50
Ofilia;34
Cherise;18
Cinnamon;52
Merle;26
Ulric;43
Darci;7
Camey;78
Mike;65
Nariko;18
Katine;44
Nadiya;64
Liz;54
Annalee;45
Jacquetta;33
Hendrik;60
Danny;41
Rolfe;29
Jacqui;21
Feliza;28
Beverly;35
Levey;2
Jandy;3
Virgie;4
Roxy;8
Juline;71
Jamaal;37
Jaclin;47
Colby;44
Gil;66
Thorvald;57
Walden;24
Kandace;14
Fran;18
Berky;18
Boony;0
Torre;4
Elsi;90
Elke;23
Erma;85
Ruben;12
Emmi;9
Stevena;78
Paolo;61
Reinhard;78
Mayne;66
Flora;49
Beverlee;94
Urban;34
Melantha;20
Gilberte;91
Clea;72
Ricoriki;91
Charin;54
Free;91
Constantin;16
Billie;34
Whitney;19
Letisha;78
Paton;97
Nehemiah;84
Catherine;33
Marcella;6
Artemas;25
Nolan;47
Harald;6
Morganica;68
Christabella;42
Mollie;40
Minny;90
Katleen;32
Ronalda;45
Donny;54
Evelyn;28
Britney;34
Ilyssa;19
Ruthy;73
Michel;78
Ewan;36
Sidnee;92
Eugenius;93
Brent;88
Ami;53
Erica;91
Tucker;36
Doralynn;33
Bradan;23
Tris;44
Lisa;96
Sollie;81
Dallas;87
Jesus;72
Vernen;90
Nikola;2
Lorrie;82
Winny;54
Jorgan;0
Ashla;81
Bron;76
Ginny;91
Sybila;47
Vivi;57
Edan;76
Ilario;3
Godwin;88
Trudy;96
Peggie;7
Carlin;73
Gerhardt;13
Marlo;50
Lorinda;45
Gianni;28
Linda;24
Tull;9
Elie;41
Dinnie;0
Wanda;70
Tammi;40
Guilbert;85
Shelli;85
Nata;7
Solomon;97
Hurlee;47
Dolph;59
Alexander;67
Lianna;84
Beauregard;12
Frederique;20
Bowie;48
Arthur;68
Stephanus;91
Kaitlynn;70
Ulric;63
Gabie;33
Liesa;37
Bette;29
Clayson;65
Theobald;24
Jehu;79
Iris;2
Arel;38
Jocelyne;56
Britt;68
Colin;28
Wolfy;66
Annie;98
Salvador;75
Mable;97
Ulrike;48
Tanhya;8
Shannon;81
Ellsworth;88
Marlin;26
Carny;20
Granny;47
Estrellita;57
Dev;11
Liesa;16
Wilek;72
Belinda;4
Fina;93
Crissy;81
Heinrick;33
Marcellus;25
Reinaldos;39
Rodrick;87
Stacee;77
Donny;9
Elbert;56
Swen;62
Obidiah;8
Edouard;83
Klemens;4
Cordell;60
Fleming;70
Nickola;65
Armin;55
Elden;96
Edith;27
Kimble;20
Ruby;99
Marshall;83
Bella;65
Aristotle;25
Odelle;77
Luciana;2
Lory;53
Kalle;53
Alasdair;75
Theresa;98
Taddeusz;79
Byron;61
Alic;75
Jesse;15
Shermie;80
Arley;16
Mackenzie;92
Kenton;69
Gerta;19
Federico;44
Franciskus;22
Thekla;30
Lamond;70
Dani;70
Ferguson;41
Rubi;67
Dalli;18
Ingrid;78
Reggie;88
Lauretta;97
Bill;48
Marlowe;89
Bernarr;34
Gayla;3
Jenn;87
Charissa;13
Edi;75
Angel;12
Freeman;57
Steffie;3
Ansley;89
Carlene;65
Freddie;41
Ivor;3
Dee;60
Nikkie;13
Vivianna;58
Rachael;71
Martelle;98
Lawry;51
Hakim;98
Agretha;12
Glynn;64
Baird;14
Flem;6
Carlin;19
Morlee;88
Darrelle;58
Rosalind;93
Mata;19
Filippa;95
Pamela;68
Mina;83
Melosa;95
Kordula;84
Angie;20
Marcello;63
Holden;90
Hedy;4
Micky;42
Augustine;94
Wendel;92
Orlan;28
Win;93
Fax;37
Nanete;29
Araldo;47
Eva;37
Floria;55
Myrle;6
Nye;98
Bruis;31
Peggi;58
Mordecai;23
Rivi;1
Zacherie;56
Jon;91
Kori;44
Cori;21
Heall;76
Leola;88
Pietra;22
Alfons;27
Alano;83
Berna;70
Debbi;22
Cecil;66
Babbette;34
Findley;65
Wilek;14
Ellswerth;57
Donnamarie;24
Ave;3
Vite;34
Gary;99
Loydie;55
Minnaminnie;51
Judie;63
Tadd;89
Alden;14
Sharlene;48
Tom;34
Rosamund;33
Israel;64
Simona;49
Katy;56
Izabel;16
Bathsheba;41
Alford;16
Sheffie;20
Marga;3
Zola;73
Atlante;34
Sabra;33
Saxe;1
Bevvy;88
Wood;5
Lucais;16
Luther;26
Barde;63
Keelia;83
Roberto;3
Reinhold;67
Kimmy;93
Robenia;27
Claire;78
Burton;72
Adelice;1
Lorrie;98
Kelly;26
Olive;79
Clywd;31
Konstanze;94
Kingsly;39
Shannah;30
Todd;63
Natka;84
Flora;47
Brewer;47
Sidonnie;67
Gaby;90
Edeline;80
Devonna;42
Sheffie;58
Nester;69
D'arcy;42
Dannel;90
Worthington;2
Bradly;82
Agnella;8
Borden;66
Beverlee;39
Base;15
Corrina;14
Morty;6
Kelly;7
Deana;79
Joshia;57
Mortie;72
Hildegarde;6
Guntar;49
Ross;85
Benedetta;44
Lucienne;46
Prisca;93
Andie;61
Lorianne;54
Osbert;45
Kitti;76
Chickie;91
Betti;95
Amelita;62
Augusto;27
Tandi;87
Rudiger;24
Ansley;47
Amabelle;26
Zebulen;29
Pedro;68
Ericka;83
Rafael;37
Trish;8
Truda;30
Charleen;66
Maxy;85
Jaine;64
Sophie;34
Shina;15
Zerk;74
Merrick;28
Beverley;13
Sacha;1
Kaycee;83
Addie;59
Tedmund;15
Domenic;23
Reese;28
Louis;14
Thane;82
Vi;89
Willette;79
Ardelia;79
Marlene;83
Dacey;92
Bert;86
Roby;41
Patience;70
Vaughan;31
Dorris;41
Emanuele;81
Vinnie;24
Dede;93
Jacky;72
Lorant;45
Wendeline;44
Martguerita;47
Harmony;68
Becki;37
Ilse;89
Corette;1
Kiele;46
Karoline;94
Gwendolen;72
Lincoln;90
Tomi;96
Raddy;76
Odelle;79
Darb;48
Julina;50
Felicia;96
Jemima;69
Garner;17
Matthaeus;85
Branden;53
Corrina;12
Heather;59
Angie;47
Lelah;57
Nobe;92
Virgilio;78
Noell;31
Iain;26
Verna;35
Tyler;69
Rubina;24
Rosella;72
Hank;55
Crysta;84
Tallia;67
Ynez;47
Annalee;39
Dom;36
Danila;28
Pattie;68
Pamelina;44
Adrianne;64
Cristen;66
Tammie;74
Norean;68
Shari;95
Laurel;47
Jodi;72
Earvin;50
Cortney;92
Fidela;38
Kalinda;19
Fidole;2
Christiana;19
Sharity;85
Bo;86
Luella;80
Wallache;17
Stephani;73
Daisi;21
Edna;55
Curran;35
Tracey;67
Zsa zsa;3
Adelle;68
Kipp;13
Spike;1
Kristoforo;34
Jory;88
Corrine;56
Anissa;62
Lidia;48
Andeee;72
Jennilee;73
Ginelle;17
Roshelle;16
Wilt;99
Franzen;19
Edsel;16
Farly;60
Casie;38
Adelbert;27
Jareb;76
Isidoro;55
Alan;60
Anabelle;44
Teddy;61
Catherina;19
Husein;4
Glori;88
Lolly;17
Cloris;43
Ravi;39
Dee;73
Kipper;15
Leshia;54
Brent;41
Allis;40
Elnar;29
Noel;91
Jania;4
Benedicta;16
Loydie;15
Carine;39
Eldon;33
Loralee;41
Ezequiel;62
Paxon;3
Louise;41
Aurelea;21
Arte;37
Myrwyn;21
Lita;0
Lindie;38
Terence;16
Liz;61
Chevy;7
Hughie;93
Ame;55
Philipa;79
Orville;59
Whitman;39
Cobb;28
Cullie;21
Nanni;57
Ethel;9
Sayer;33
Vernor;14
Hercule;35
Ofilia;86
Ash;11
Eberhard;86
Lammond;29
Gaspar;30
Dina;79
Luelle;76
Penny;2
Raynell;77
Burton;4
Orelle;70
Stefa;23
Darrelle;79
Andee;5
Roze;7
Darrel;37
Sukey;41
Timmie;41
Hershel;71
Boycey;38
Shanda;18
Camala;66
Sergeant;44
Fairleigh;20
Hinda;0
Jozef;75
Tabbi;31
Natal;84
Gerhardine;52
Jess;37
Estevan;55
Kent;7
Cally;69
Linnea;54
Brandy;31
Weidar;88
Raoul;88
Gerick;77
Mary;42
Sayer;81
Gerry;22
Herschel;50
Adela;93
Dario;44
Wiatt;97
Fedora;55
Julie;2
Jandy;20
Mellicent;8
Hazel;96
Marylinda;87
Karita;17
Harriett;40
Merrilee;29
Harlene;64
Wilma;49
Amelie;74
Kassey;3
Tam;28
Ogdon;8
Holly-anne;15
Hadria;96
Alejoa;83
Ode;94
Christabella;78
Goober;58
Chic;74
Marys;4
Otto;62
Jillie;23
Karlis;41
Lyndsey;45
Moe;81
Pammie;14
Nappy;96
Teddie;89
Byran;86
Raphaela;86
Adriane;43
Eduardo;40
Danit;30
Kathi;52
Garry;88
Lorne;38
Flss;1
Dixie;27
Tirrell;65
Crista;36
Bria;44
Kevon;79
Helsa;51
Abbey;30
Dunn;65
Archaimbaud;29
Kaja;34
Katerine;56
Tommy;56
Garik;6
Janeczka;48
Giacomo;87
Bernadette;52
Ertha;69
Madelin;58
Maxie;8
Elena;29
Wenona;95
Giusto;39
Rowney;99
Olenolin;98
Hilly;19
Benedikt;52
Else;46
Hart;38
Krispin;83
Kristel;51
Marjie;44
Hubey;3
Mayne;53
Josias;1
Mortimer;56
Tammara;97
Daune;73
Judith;75
Onfre;35
Saundra;9
Pieter;18
Alisander;89
Kelly;24
Frasquito;79
Nikolai;7
Clara;99
Alanson;48
Horace;67
Zack;12
Tanya;71
Maure;87
Tabbie;91
Meyer;6
Leia;12
Bernita;27
Pepita;12
Lockwood;92
Kally;29
Marlie;20
Salomon;29
Tabbatha;74
Davey;27
Gerti;36
Nikaniki;55
Nathalie;30
Harlin;31
Sallyann;23
Donielle;65
Linnet;80
Elyse;6
Gawen;39
Bogart;54
Yvonne;53
Antony;19
Tiphany;93
Ronny;3
Conroy;42
Caren;61
Thurston;24
Clifford;1
Hamil;54
Mirelle;93
Colman;74
Dahlia;87
Jacquenette;29
Tabby;8
Floyd;31
El;3
Asa;95
Amity;71
Dorine;56
Davy;4
Giana;98
Gaylor;71
Vitia;49
Daniella;88
Karalee;16
Alanson;69
Edgardo;17
Bank;12
Gillan;12
Linnie;5
Donna;75
Sherilyn;35
Charmane;43
Hewitt;68
Lelia;91
Sheridan;16
Adena;93
Boigie;94
Margeaux;26
Lyn;42
Ricca;55
Alon;80
Sadie;48
Jaquelin;19
Parsifal;69
Tabitha;95
Henriette;1
Courtney;50
Laurianne;95
Junia;10
Lisa;18
Yovonnda;86
Karlee;92
Lynnette;10
Curtice;66
Jozef;5
Garth;25
Nertie;8
Alejandro;92
Babette;67
Saidee;17
Celestia;91
Madelaine;41
Vanessa;62
Nichols;51
Beverie;60
Crin;83
Salli;69
Katerine;21
Addie;65
Daisie;34
Sybil;43
Lissa;54
Bogey;61
Perl;12
Arleen;72
Noble;47
Ettore;58
Eben;97
Franky;0
Francyne;49
Carolee;50
Cirilo;12
Max;73
Jessie;33
Ingrid;94
Wilow;68
Eileen;92
Ronna;46
Lorettalorna;68
Paule;22
Drew;5
Happy;88
Birk;80
Garrott;6
Sybyl;66
Dunstan;88
Gayelord;98
Malanie;51
Frederico;76
Isabella;56
Ward;63
Xerxes;64
Meg;87
Ethelin;38
Marthena;22
Ekaterina;74
Dominik;72
Olga;80
Almeda;78
Zacharie;79
Vikky;13
Angelica;48
Cammi;73
Isadore;41
Billy;62
Janelle;38
Rosaline;10
Kelwin;29
Alastair;83
Nora;13
Haroun;35
Aeriela;59
Cory;46
Wylma;3
Lurlene;79
Janaye;39
Ransom;27
Lezlie;73
Skell;32
Francis;66
Briano;7
Theda;20
Alysia;66
Sayre;72
Granny;12
Gaylord;70
Rhoda;81
Dov;58
Jobye;59
Moore;72
Carla;43
Buddie;2
Tabby;17
Malorie;78
Heinrick;81
Bronnie;90
Shanon;95
Alfi;91
Lonee;40
Bee;2
Fitz;64
Vinny;75
Kacie;87
Janetta;75
Marlon;97
Collette;24
Zorana;46
Arnuad;29
Constantia;91
Urban;51
Wenonah;46
Trude;93
Jammal;55
Dulcie;50
Leslie;45
West;59
Lana;92
Antoni;71
Mitchel;33
Missy;83
Lamont;35
Kyle;92
Diarmid;9
Esther;41
Victoir;17
Conney;74
Dougy;51
Andie;69
Camille;61
Cecil;45
Gib;85
Roz;96
Shanna;78
Collete;28
